0,0,0,0,0.000000,0.000000,0.000000,0.000000,0.000000,0.000000,0.000000,0.000000,0.000000,0.000000,0.000000,0.000000,0.000000,0.000000,0.000000,0.000000,0.000000,0.000000,0.000000,0.000000,0.000000,0.000000,0.000000,0.000000,0.000000,0.000000,0.000000,0.000000,0.000000,0.000000,0.000000,0.000000,0.000000,0.000000,0.000000,0.000000,0.000000,0.000000,0.000000,0.000040
0,0,0,0,0.000000,0.000000,0.000000,0.000000,0.000000,0.000000,0.000000,0.000000,0.000000,0.000000,0.000000,0.000000,0.000000,0.000000,0.000000,0.000000,0.000000,0.000000,0.000000,0.000000,0.000000,0.000000,0.000000,0.000000,0.000000,0.000000,0.000000,0.000000,0.000000,0.000000,0.000000,0.000000,0.000000,0.000000,0.000000,0.000000,0.000000,0.000000,0.000000,0.000030
0,0,0,0,0.000000,0.000000,0.000000,0.000000,0.000000,0.000000,0.000000,0.000000,0.000000,0.000000,0.000000,0.000000,0.000000,0.000000,0.000000,0.000000,0.000000,0.000000,0.000000,0.000000,0.000000,0.000000,0.000000,0.000000,0.000000,0.000000,0.000000,0.000000,0.000000,0.000000,0.000000,0.000000,0.000000,0.000000,0.000000,0.000000,0.000000,0.000000,0.000000,0.000021
0,0,0,0,0.000000,0.000000,0.000000,0.000000,0.000000,0.000000,0.000000,0.000000,0.000000,0.000000,0.000000,0.000000,0.000000,0.000000,0.000000,0.000000,0.000000,0.000000,0.000000,0.000000,0.000000,0.000000,0.000000,0.000000,0.000000,0.000000,0.000000,0.000000,0.000000,0.000000,0.000000,0.000000,0.000000,0.000000,0.000000,0.000000,0.000000,0.000000,0.000000,0.000010
0,0,0,0,0.000000,0.000000,0.000000,0.000000,0.000000,0.000000,0.000000,0.000000,0.000000,0.000000,0.000000,0.000000,0.000000,0.000000,0.000000,0.000000,0.000000,0.000000,0.000000,0.000000,0.000000,0.000000,0.000000,0.000000,0.000000,0.000000,0.000000,0.000000,0.000000,0.000000,0.000000,0.000000,0.000000,0.000000,0.000000,0.000000,0.000000,0.000000,0.000000,0.000008
0,0,0,1,0.000000,0.000000,0.000000,0.000000,0.000000,0.000000,0.000000,0.000000,4669.225000,0.000000,0.000000,0.000000,0.000000,0.000000,0.000000,0.000000,0.000000,0.000000,0.000000,420.920000,0.000000,0.000000,0.000000,0.000000,0.000000,3.790000,166.827500,0.000000,522210.410124,0.000000,0.000000,0.000000,0.000000,0.000000,0.000000,0.000000,0.000000,0.000000,0.000000,19.285788
0,0,0,1,0.000000,0.000000,0.000000,0.000000,0.000000,0.000000,0.000000,0.000000,1473.925000,0.000000,0.314745,0.000000,5.727500,649.219967,0.000000,0.000000,0.000000,0.000000,0.000000,0.000000,0.000000,0.000000,0.000000,0.000000,10647.253173,0.000000,0.000000,0.000000,16.642607,0.000000,4.590000,0.000000,0.000000,0.000000,0.000000,0.000000,0.000000,0.000000,-0.260000,0.792053
0,0,0,1,0.000000,0.000000,0.000000,261833.505851,0.000000,0.000000,0.000000,0.000000,0.000000,0.000000,0.000000,0.000000,0.000000,0.000000,0.000000,0.000000,0.000000,0.000000,0.000000,0.000000,0.000000,0.000000,0.000000,0.000000,0.000000,0.000000,0.000000,0.000000,16.812835,0.000000,11.667500,0.000000,0.000000,0.000000,0.000000,0.000000,0.000000,0.000000,-9.455979,12.594621
0,0,0,1,0.000000,0.000000,0.000000,0.000000,0.000000,0.000000,0.000000,0.000000,82847.512500,0.000000,0.966954,0.000000,0.000000,0.000000,0.000000,0.000000,0.000000,0.000000,0.000000,0.000000,0.000000,0.000000,0.000000,0.000000,6777.392085,0.000000,7567.060375,0.000000,6.676243,0.000000,5.492500,0.000000,0.000000,0.000000,0.000000,0.000000,0.000000,0.000000,-2.415000,14.417947
0,0,0,1,0.000000,0.000000,0.000000,0.000000,0.000000,0.000000,0.000000,0.000000,83031.435000,0.000000,0.157517,0.000000,0.000000,0.000000,0.000000,34966.473875,0.000000,0.000000,0.000000,0.000000,0.000000,0.000000,0.000000,0.000000,533.616459,0.000000,7930.060375,0.000000,196.680721,0.000000,16.675000,0.000000,0.000000,0.000000,0.000000,0.000000,0.000000,0.000000,0.000000,8.904686
0,0,0,1,0.000000,0.000000,0.000000,0.000000,0.000000,0.000000,0.000000,0.000000,0.000000,0.000000,0.000000,1444364.515000,0.000000,0.000000,0.000000,0.000000,0.000000,0.000000,0.000000,0.000000,0.000000,0.000000,0.000000,0.000000,0.000000,0.000000,0.000000,0.000000,0.000000,0.000000,0.000000,0.000000,0.000000,0.000000,0.000000,0.000000,0.000000,0.000000,0.000000,23.694510
0,0,0,1,0.000000,0.000000,0.000000,0.000000,0.000000,0.000000,0.000000,0.000000,28490.445000,0.000000,0.315964,0.000000,0.000000,0.000000,0.000000,0.000000,0.000000,0.000000,0.000000,0.000000,0.000000,0.000000,0.000000,0.000000,98.580843,0.000000,1889.700125,0.000000,9.565640,0.000000,3.412500,1.820000,0.000000,0.000000,0.000000,0.000000,0.000000,0.000000,0.000000,2.001032
0,0,0,1,0.000000,0.000000,0.000000,0.000000,0.000000,0.000000,0.000000,0.000000,169271.212500,0.000000,2.367775,0.158028,0.000000,0.000000,0.000000,0.000000,0.000000,0.000000,0.000000,0.000000,0.000000,0.000000,0.000000,0.000000,197.128073,0.000000,243.345625,0.000000,0.000000,0.000000,0.030000,0.000000,0.000000,0.000000,0.000000,0.000000,0.000000,0.000000,0.000000,9.161137
0,0,0,1,0.000000,0.000000,0.000000,159.399426,0.000000,0.000000,0.000000,0.000000,0.000000,0.000000,0.000000,0.000000,0.000000,0.000000,0.000000,0.000000,0.000000,0.000000,0.000000,0.000000,0.000000,0.000000,0.000000,0.000000,0.000000,0.000000,0.000000,0.000000,0.031274,0.000000,0.240000,0.000000,0.000000,0.000000,0.000000,0.000000,0.000000,0.000000,368345.381750,132.248897
0,0,0,1,0.000000,0.000000,0.000000,0.000000,0.000000,0.000000,0.000000,0.000000,0.000000,0.000000,51.141843,0.000000,0.000000,0.000000,0.000000,0.000000,0.000000,0.000000,0.000000,0.040000,0.000000,0.000000,0.000000,0.000000,111.782736,0.000000,0.000000,0.000000,0.045000,0.000000,5405.065000,0.000000,0.000000,0.000000,0.000000,0.000000,0.000000,0.000000,368345.381750,181.114767
0,0,0,1,0.000000,0.000000,0.000000,0.000000,0.000000,0.000000,0.000000,0.000000,54351.035000,0.000000,0.675566,0.000000,0.000000,0.000000,0.000000,0.000000,0.000000,0.000000,0.000000,0.000000,0.000000,0.000000,0.000000,0.000000,1252.637207,0.000000,3786.216250,0.000000,9.060892,0.000000,3.832500,0.000000,0.000000,0.000000,0.000000,0.000000,0.000000,0.000000,-2.380000,3.680200
0,0,0,1,0.000000,0.000000,0.000000,0.000000,0.000000,0.000000,0.000000,0.000000,54361.685000,0.000000,10814.884410,1084.334579,0.000000,0.000000,0.000000,0.000000,0.000000,0.000000,0.000000,0.000000,0.000000,0.000000,0.000000,0.000000,1862.538998,0.000000,3785.791250,0.025000,0.015000,0.000000,0.022500,0.000000,0.000000,0.000000,0.000000,0.000000,0.000000,0.000000,0.000000,34.428544
0,0,0,1,0.000000,0.000000,0.000000,0.000000,0.000000,0.000000,0.000000,0.000000,10119.113750,0.000000,4.484180,0.000000,0.000000,0.000000,0.000000,0.000000,0.000000,0.000000,0.000000,0.000000,0.000000,0.000000,0.000000,0.000000,1378.571552,0.000000,759.781250,0.000000,0.015000,0.000000,0.092500,0.000000,0.000000,0.000000,0.000000,0.000000,0.000000,0.000000,0.000000,13.152148
0,0,0,1,0.000000,0.000000,0.000000,0.000000,0.000000,0.000000,0.000000,0.000000,54167.112500,0.000000,1.578420,2.678280,0.000000,0.000000,0.000000,0.000000,0.000000,0.000000,0.000000,0.000000,0.000000,0.000000,0.000000,0.000000,4124.757579,0.000000,3789.653750,0.000000,7.026508,0.000000,5.822500,0.000000,0.000000,0.000000,0.000000,0.000000,0.000000,0.000000,-0.132500,9.045500
0,0,0,1,0.000000,0.000000,0.000000,0.000000,0.000000,0.000000,0.000000,0.000000,83041.835000,0.000000,0.980518,0.000000,0.000000,0.000000,0.000000,0.000000,0.000000,0.000000,0.000000,0.000000,0.000000,0.000000,0.000000,0.000000,358.462095,0.000000,7562.847875,0.095000,0.840587,0.000000,0.450000,0.000000,0.000000,0.000000,0.000000,0.000000,0.000000,0.000000,0.000000,5.576958
0,0,0,1,0.000000,0.000000,0.000000,0.000000,0.000000,0.000000,0.000000,0.000000,54351.035000,0.000000,0.312351,0.000000,0.000000,0.000000,0.000000,0.000000,0.000000,0.000000,0.000000,0.000000,0.000000,0.000000,0.000000,0.000000,194.594638,0.000000,3785.478750,0.000000,21.861279,0.000000,6.825000,3.640000,0.000000,0.000000,0.000000,0.000000,0.000000,0.000000,-0.205000,2.835289
0,0,0,1,0.000000,0.000000,0.000000,0.000000,0.000000,0.000000,0.000000,0.000000,183481.735000,0.000000,0.310442,0.000000,0.000000,0.000000,0.000000,0.000000,0.000000,0.000000,0.000000,0.000000,0.000000,0.000000,0.000000,0.000000,2825.022442,0.000000,30838.563375,0.000000,26.574790,0.000000,41.475000,0.000000,0.000000,0.000000,0.000000,0.000000,0.000000,0.000000,0.610000,16.421273
0,0,0,1,0.000000,0.000000,0.000000,0.000000,0.000000,0.000000,0.000000,0.000000,184899.075000,0.000000,0.000000,0.000000,0.000000,0.000000,0.000000,0.000000,0.000000,0.000000,0.000000,0.000000,0.000000,0.000000,0.000000,0.000000,0.000000,0.000000,32710.145375,0.000000,13469.275932,0.000000,1636.362500,0.000000,0.000000,0.000000,0.000000,0.000000,0.000000,0.000000,-181.732500,74.113817
0,0,0,1,0.000000,0.000000,0.000000,90877.891625,0.000000,0.000000,0.000000,0.000000,0.000000,0.000000,0.000000,0.000000,0.000000,0.000000,0.000000,0.000000,0.000000,0.000000,0.000000,0.000000,0.000000,0.000000,0.000000,0.000000,0.000000,0.000000,0.000000,0.000000,0.000000,0.000000,0.577500,0.000000,0.000000,0.000000,0.000000,0.000000,0.000000,0.000000,769079.786353,103.334465
0,0,0,1,0.000000,0.000000,0.000000,90963.378782,0.000000,0.000000,0.000000,0.000000,0.000000,0.000000,0.000000,0.000000,0.000000,0.000000,0.000000,0.000000,0.000000,0.000000,0.000000,0.000000,0.000000,0.000000,0.000000,0.000000,0.000000,0.000000,0.000000,0.000000,9.161838,0.000000,0.000000,0.000000,0.000000,0.000000,0.000000,0.000000,0.000000,0.000000,769079.473853,104.429423
0,0,0,1,0.000000,0.000000,0.000000,0.000000,0.000000,0.000000,0.000000,0.000000,0.000000,0.000000,0.000000,0.000000,0.000000,0.000000,0.000000,0.000000,0.000000,0.000000,0.000000,0.022500,0.000000,0.000000,0.000000,0.000000,0.000000,0.000000,0.000000,0.000000,0.015000,0.000000,102846.917690,0.000000,0.000000,0.000000,0.000000,0.000000,0.000000,0.000000,0.000000,5.257674
0,0,0,1,0.000000,0.000000,0.000000,0.000000,0.000000,0.000000,0.000000,0.000000,0.000000,0.000000,0.000000,0.000000,0.000000,0.000000,0.000000,0.000000,0.000000,0.000000,0.000000,0.022500,0.000000,0.000000,0.000000,0.000000,0.000000,0.000000,0.000000,0.000000,0.015000,0.000000,102846.917690,0.000000,0.000000,0.000000,0.000000,0.000000,0.000000,0.000000,0.000000,5.287532
0,0,0,1,0.000000,0.000000,0.000000,0.000000,0.000000,0.000000,0.000000,0.000000,10394.997500,0.000000,4.490430,0.000000,0.000000,0.000000,0.000000,0.000000,0.000000,0.000000,0.000000,0.000000,0.000000,0.000000,0.000000,0.000000,1078.534702,0.000000,759.031250,0.000000,0.015000,0.000000,0.035000,0.000000,0.000000,0.000000,0.000000,0.000000,0.000000,0.000000,0.000000,21.528195
0,0,0,1,0.000000,0.000000,0.000000,0.000000,0.000000,0.000000,0.000000,0.000000,54167.112500,0.000000,1.006329,0.000000,0.000000,0.000000,0.000000,0.000000,0.000000,0.000000,0.000000,0.000000,0.000000,0.000000,0.000000,0.000000,3811.311466,0.000000,3789.653750,0.000000,3.400782,0.000000,3.120000,0.000000,0.000000,0.000000,0.000000,0.000000,0.000000,0.000000,0.000000,7.850898
0,0,0,1,0.000000,0.000000,0.000000,0.000000,0.000000,0.000000,0.000000,0.000000,82858.212500,0.000000,0.796941,0.000000,0.000000,0.000000,0.000000,0.000000,0.000000,0.000000,0.000000,0.000000,0.000000,0.000000,0.000000,0.000000,963.132921,0.000000,7606.613750,0.000000,0.642982,0.000000,1.395000,0.000000,0.000000,0.000000,0.000000,0.000000,0.000000,0.000000,0.000000,14.384447
0,0,0,1,0.000000,0.000000,0.000000,0.000000,0.000000,0.000000,0.000000,0.000000,828772.200000,0.000000,0.000000,0.000000,0.000000,0.000000,0.000000,0.000000,0.000000,0.000000,0.000000,0.000000,0.000000,0.000000,0.000000,0.000000,0.110000,0.000000,0.000000,0.000000,0.000000,0.000000,1559.040000,0.000000,0.000000,0.000000,0.000000,0.000000,0.000000,0.000000,0.000000,16.543953
0,0,0,1,0.000000,0.000000,0.000000,0.000000,0.000000,0.000000,0.000000,0.000000,10394.997500,0.000000,4.486680,0.000000,0.000000,0.000000,0.000000,0.000000,0.000000,0.000000,0.000000,0.000000,0.000000,0.000000,0.000000,0.000000,611.218569,0.000000,757.868750,0.000000,0.015000,0.000000,0.027500,0.000000,0.000000,0.000000,0.000000,0.000000,0.000000,0.000000,0.000000,12.083113
0,0,0,1,0.000000,0.000000,0.000000,0.000000,0.000000,0.000000,0.000000,0.000000,0.000000,0.000000,7.972110,0.000000,0.000000,0.000000,0.000000,0.000000,0.000000,0.000000,0.000000,2434.580000,0.000000,0.000000,0.000000,0.000000,860.988105,0.000000,0.000000,0.000000,0.050000,0.000000,0.000000,0.000000,0.000000,0.000000,0.000000,0.000000,0.000000,0.000000,4737.837042,158.975220
0,0,0,1,0.000000,0.000000,0.000000,0.000000,0.000000,0.000000,0.000000,0.000000,0.000000,0.000000,0.000000,0.000000,0.000000,0.000000,0.000000,0.000000,0.000000,0.000000,0.000000,164688.225000,0.000000,0.000000,0.000000,0.000000,732512.235259,0.000000,0.000000,0.000000,0.000000,0.000000,0.000000,0.000000,0.000000,0.000000,0.000000,0.000000,0.000000,0.000000,0.000000,123.012370
0,0,0,1,0.000000,0.000000,0.000000,0.000000,0.000000,0.000000,0.000000,0.000000,55824.960000,0.000000,0.000000,0.000000,0.000000,0.000000,0.000000,0.000000,0.000000,0.000000,0.000000,0.000000,0.000000,0.000000,0.000000,0.000000,0.000000,0.000000,3790.755875,0.000000,0.000000,0.000000,0.015000,0.000000,0.000000,0.000000,0.000000,0.000000,0.000000,0.000000,0.000000,2.487056
0,0,0,1,0.000000,0.000000,0.000000,0.000000,184517.049182,0.000000,0.000000,0.000000,0.000000,0.000000,0.000000,0.000000,0.000000,0.000000,0.000000,0.000000,0.000000,0.000000,0.000000,0.000000,0.000000,0.000000,0.000000,0.000000,0.000000,0.000000,0.000000,0.000000,8.143856,0.000000,6.065000,0.000000,0.000000,0.000000,0.000000,0.000000,0.000000,0.000000,-0.250000,9.220895
0,0,0,1,0.000000,0.000000,0.000000,0.000000,0.000000,0.000000,0.000000,0.000000,83685.963750,0.000000,8.630115,0.000000,0.000000,0.000000,0.000000,0.000000,0.000000,0.000000,0.000000,0.000000,0.000000,0.000000,0.000000,0.000000,635.085972,0.000000,7591.349000,0.000000,4.249846,0.000000,3.025000,0.000000,0.000000,0.000000,0.000000,0.000000,0.000000,0.000000,0.000000,8.962871
0,0,0,1,0.000000,0.000000,0.000000,0.000000,0.000000,0.000000,0.000000,0.000000,0.000000,0.000000,0.000000,0.000000,0.000000,0.000000,0.000000,91436.746761,0.000000,0.000000,0.000000,0.000000,0.000000,0.000000,0.000000,0.000000,0.000000,0.000000,0.000000,0.000000,40.760000,0.000000,0.000000,0.000000,0.000000,0.000000,0.000000,0.000000,0.000000,0.000000,-2.252500,16.168764
0,0,0,1,0.000000,0.000000,0.000000,0.000000,0.000000,0.000000,0.000000,0.000000,4129.215000,0.000000,12.010000,1.988524,0.000000,0.000000,0.000000,0.000000,0.000000,0.000000,0.000000,0.000000,0.000000,0.000000,0.000000,0.000000,3999.115000,0.000000,0.000000,0.000000,3.020180,0.652500,0.000000,0.000000,0.000000,0.000000,0.000000,0.000000,0.000000,0.000000,0.000000,0.568498
0,0,0,1,0.000000,0.000000,0.000000,0.000000,0.000000,0.000000,0.000000,0.000000,0.000000,0.000000,0.000000,0.000000,0.000000,0.000000,0.000000,189331.254763,0.000000,0.000000,0.000000,0.000000,0.000000,0.000000,0.000000,0.000000,0.000000,0.000000,0.000000,0.000000,0.000000,0.000000,8.905000,0.000000,0.000000,0.000000,0.000000,0.000000,0.000000,0.000000,0.000000,30.526972
0,0,0,1,0.000000,0.000000,0.000000,0.000000,0.000000,0.000000,0.000000,0.000000,0.000000,0.000000,0.000000,0.000000,0.000000,0.000000,0.000000,0.000000,0.000000,0.000000,0.000000,876.555000,0.000000,0.000000,0.000000,0.000000,0.000000,0.000000,4.375000,0.000000,226691.938981,0.000000,0.000000,0.000000,0.000000,0.000000,0.000000,0.000000,0.000000,0.000000,0.000000,61.318167
0,0,0,1,0.000000,0.000000,0.000000,0.000000,0.000000,0.000000,0.000000,0.000000,0.000000,0.000000,0.000000,0.000000,0.000000,0.000000,0.000000,0.000000,0.000000,0.000000,0.000000,925.252500,0.000000,0.000000,0.000000,0.000000,0.000000,0.000000,2.425000,0.000000,226691.938981,0.000000,0.000000,0.000000,0.000000,0.000000,0.000000,0.000000,0.000000,0.000000,0.000000,61.339034
0,0,0,1,0.000000,0.000000,0.000000,0.000000,0.000000,0.000000,0.000000,0.000000,54351.035000,0.000000,0.923214,0.000000,0.000000,0.000000,0.000000,0.000000,0.000000,0.000000,0.000000,0.000000,0.000000,0.000000,0.000000,0.000000,388.788160,0.000000,3785.791250,0.000000,2.199640,0.000000,2.345000,0.000000,0.000000,0.000000,0.000000,0.000000,0.000000,0.000000,0.000000,3.050075
0,0,0,1,0.000000,0.000000,0.000000,0.000000,0.000000,0.000000,0.000000,0.000000,73424367.310000,0.000000,0.000000,0.000000,0.000000,0.000000,0.000000,0.000000,0.000000,0.000000,0.000000,0.000000,0.000000,0.000000,0.000000,0.000000,0.000000,0.000000,0.000000,0.000000,3.020180,0.000000,0.000000,0.000000,0.217500,0.000000,0.000000,0.000000,0.000000,0.000000,0.000000,10.093328
0,0,0,1,0.000000,0.000000,0.000000,0.000000,0.000000,0.000000,0.000000,0.000000,83031.435000,0.000000,0.309302,0.000000,0.000000,0.000000,0.000000,0.000000,0.000000,0.000000,0.000000,0.000000,0.000000,0.000000,0.000000,0.000000,357.553573,0.000000,7562.872875,0.000000,1.027387,0.000000,0.472500,0.000000,0.000000,0.000000,0.000000,0.000000,0.000000,0.000000,0.000000,5.044527
0,0,0,1,0.000000,0.000000,0.000000,0.000000,0.000000,0.000000,0.000000,0.000000,82858.012500,0.000000,0.000000,0.000000,0.000000,0.000000,0.000000,0.000000,0.000000,0.000000,0.000000,0.000000,0.000000,0.000000,0.000000,0.000000,170.775000,0.000000,7567.060375,0.000000,14.386981,0.000000,13.027500,0.000000,0.000000,0.000000,0.000000,0.000000,0.000000,0.000000,0.000000,40.045204
0,0,0,1,0.000000,0.000000,0.000000,0.000000,0.000000,0.000000,0.000000,0.000000,2856.680000,0.000000,0.000000,0.000000,0.000000,0.000000,0.000000,462605.983063,0.000000,0.000000,0.000000,0.000000,0.000000,0.000000,0.000000,0.000000,0.000000,257.805000,465.583500,0.000000,210.548129,0.000000,0.000000,0.000000,0.000000,0.000000,0.000000,0.000000,0.000000,0.000000,-265.521064,13.426390
0,0,0,1,0.000000,0.000000,0.000000,0.000000,0.000000,0.000000,0.000000,0.000000,28490.445000,0.000000,0.996518,0.000000,0.000000,0.000000,0.000000,0.000000,0.000000,0.000000,0.000000,0.000000,0.000000,0.000000,0.000000,0.000000,957.888798,0.000000,1890.437625,0.000000,21.764527,0.000000,9.300000,0.000000,0.000000,0.000000,0.000000,0.000000,0.000000,0.000000,-8.212500,2.751845
0,0,0,1,0.000000,0.000000,0.000000,0.000000,0.000000,0.000000,0.000000,0.000000,83134.046250,0.000000,7.632901,0.000000,0.000000,0.000000,0.000000,0.000000,0.000000,0.000000,0.000000,0.000000,0.000000,0.000000,0.000000,0.000000,2739.760116,0.000000,7600.223625,0.000000,26.644607,0.000000,9.450000,0.000000,0.000000,0.000000,0.000000,0.000000,0.000000,0.000000,-0.535000,13.095292
0,0,0,1,0.000000,0.000000,0.000000,0.000000,0.000000,0.000000,0.000000,0.000000,0.000000,0.000000,0.000000,0.000000,0.000000,0.000000,0.000000,0.000000,0.000000,0.000000,0.000000,1179.007500,0.000000,0.000000,0.000000,0.000000,0.000000,0.000000,608.745000,0.000000,0.015000,0.000000,0.000000,0.000000,0.000000,0.000000,0.000000,0.000000,0.000000,0.000000,97776.754968,29.739892
0,0,0,1,0.000000,0.000000,0.000000,0.000000,0.000000,0.000000,0.000000,0.000000,169281.612500,0.000000,1.149017,0.000000,0.000000,0.000000,0.000000,0.000000,0.000000,0.000000,0.000000,0.000000,0.000000,0.000000,0.000000,0.000000,722.284065,0.000000,965.580750,0.000000,0.000000,0.000000,0.020000,0.000000,0.000000,0.000000,0.000000,0.000000,0.000000,0.000000,0.000000,10.292364
0,0,0,1,0.000000,0.000000,0.000000,45616.019743,0.000000,0.000000,0.000000,0.000000,0.000000,0.000000,0.000000,0.000000,0.000000,0.000000,0.000000,0.000000,0.000000,0.000000,0.000000,0.000000,0.000000,0.000000,0.000000,0.000000,0.000000,0.000000,0.000000,0.000000,0.061274,0.000000,0.067500,0.000000,0.000000,0.000000,0.000000,0.000000,0.000000,0.000000,0.000000,4.541320
0,0,0,1,0.000000,0.000000,0.000000,0.000000,0.000000,0.000000,0.000000,0.000000,10211.075000,0.000000,1.317602,0.312245,0.000000,0.000000,0.000000,0.000000,0.000000,0.000000,0.000000,0.000000,0.000000,0.000000,0.000000,0.000000,154.511833,0.000000,756.731250,0.000000,0.015000,0.000000,0.087500,0.000000,0.000000,0.000000,0.000000,0.000000,0.000000,0.000000,0.000000,1.669509
0,0,0,1,0.000000,0.000000,0.000000,0.000000,0.000000,0.000000,0.000000,0.000000,0.000000,0.000000,0.000000,0.000000,0.000000,0.000000,0.000000,124488.849530,0.000000,0.000000,0.000000,0.000000,0.000000,0.000000,0.000000,0.000000,0.000000,0.000000,0.000000,0.000000,0.000000,0.000000,0.000000,0.000000,0.000000,0.000000,0.000000,0.000000,0.000000,0.000000,-465.045000,16.689916
0,0,0,1,0.000000,0.000000,0.000000,0.000000,0.000000,0.000000,0.000000,0.000000,83031.435000,0.000000,0.309302,0.000000,0.000000,0.000000,0.000000,0.000000,0.000000,0.000000,0.000000,0.000000,0.000000,0.000000,0.000000,0.000000,357.553573,0.000000,7562.872875,0.000000,1.027387,0.000000,0.472500,0.000000,0.000000,0.000000,0.000000,0.000000,0.000000,0.000000,0.000000,5.069844
0,0,0,1,0.000000,0.000000,0.000000,0.000000,0.000000,0.000000,0.000000,0.000000,0.000000,0.000000,0.000000,0.000000,0.000000,0.000000,0.000000,22063.480833,0.000000,0.000000,0.000000,0.000000,0.000000,0.000000,0.000000,0.000000,0.000000,0.000000,0.000000,0.000000,0.115757,0.000000,0.000000,0.000000,0.000000,0.000000,0.000000,0.000000,0.000000,0.000000,0.000000,4.134213
0,0,0,1,0.000000,0.000000,0.000000,0.000000,0.000000,0.000000,0.000000,0.000000,0.000000,0.000000,0.000000,0.000000,0.000000,0.000000,0.000000,102910.186063,0.000000,0.000000,0.000000,0.000000,0.000000,0.000000,0.000000,0.000000,0.000000,0.000000,0.000000,0.000000,0.030000,0.000000,0.027500,0.000000,0.000000,0.000000,0.000000,0.000000,0.000000,0.000000,0.000000,273.347806
0,0,0,1,0.000000,0.000000,0.000000,0.000000,0.000000,0.000000,0.000000,0.000000,83031.435000,0.000000,0.309302,0.000000,0.000000,0.000000,0.000000,0.000000,0.000000,0.000000,0.000000,0.000000,0.000000,0.000000,0.000000,0.000000,357.553695,0.000000,7562.872875,0.000000,0.435537,0.000000,0.220000,0.000000,0.000000,0.000000,0.000000,0.000000,0.000000,0.000000,0.000000,4.798903
0,0,0,1,0.000000,0.000000,0.000000,37990.335448,0.000000,0.000000,0.000000,0.000000,0.000000,0.000000,0.000000,0.000000,0.000000,0.000000,0.000000,0.000000,0.000000,0.000000,0.000000,0.000000,0.000000,0.000000,0.000000,0.000000,0.000000,0.000000,0.000000,0.000000,0.100000,0.000000,0.070000,0.000000,0.000000,0.000000,0.000000,0.000000,0.000000,0.000000,0.000000,5.042485
0,0,0,1,0.000000,0.000000,0.000000,0.000000,0.000000,0.000000,0.000000,0.000000,0.000000,0.000000,0.000000,0.000000,0.000000,0.000000,0.000000,0.000000,0.000000,0.000000,0.000000,643.715000,0.000000,0.000000,0.000000,0.000000,0.000000,0.000000,270.087500,0.000000,0.015000,0.000000,0.000000,0.000000,0.000000,0.000000,0.000000,0.000000,0.000000,0.000000,61632.387407,13.438167
0,0,0,1,0.000000,0.000000,0.000000,0.000000,0.000000,0.000000,0.000000,0.000000,171773.217500,0.000000,0.927617,0.000000,0.000000,0.000000,0.000000,0.000000,0.000000,0.000000,0.000000,0.000000,0.000000,0.000000,0.000000,0.000000,142.656679,7.282500,19493.515750,0.852500,18.588307,0.000000,7011.992500,0.000000,0.000000,0.000000,0.000000,0.000000,0.000000,0.000000,0.000000,8.184098
0,0,0,1,0.000000,0.000000,0.000000,0.000000,0.000000,0.000000,0.000000,0.000000,5047.470000,0.000000,0.158260,0.000000,0.000000,0.000000,0.000000,0.000000,0.000000,0.000000,0.000000,2525.520000,0.000000,0.000000,0.000000,0.000000,14.715381,4.060000,558.442750,0.000000,35.775653,0.000000,0.000000,0.000000,0.000000,0.000000,0.000000,0.000000,0.000000,0.000000,644916.804518,28.139379
0,0,0,1,0.000000,0.000000,0.000000,0.000000,154278.153224,0.000000,0.000000,0.000000,0.000000,0.000000,0.000000,0.000000,0.000000,0.000000,0.000000,0.000000,0.000000,0.000000,0.000000,0.000000,0.000000,0.000000,0.000000,0.000000,0.000000,0.000000,0.000000,0.000000,6.910361,0.000000,3.045000,0.000000,0.000000,0.000000,0.000000,0.000000,0.000000,0.000000,-0.185000,12.552843
0,0,0,1,0.000000,0.000000,0.000000,0.000000,0.000000,0.000000,0.000000,0.000000,165052.510000,0.000000,1.973980,0.000000,0.000000,0.000000,0.000000,0.000000,0.000000,0.000000,0.000000,0.000000,0.000000,0.000000,0.000000,0.000000,1058.209537,0.000000,15973.067625,0.000000,0.015000,0.000000,0.030000,0.000000,0.000000,0.000000,0.000000,0.000000,0.000000,0.000000,0.000000,2.393097
0,0,0,1,0.000000,0.000000,0.000000,0.000000,0.000000,0.000000,0.000000,0.000000,28523.645000,0.000000,0.000000,0.000000,0.000000,0.000000,0.000000,0.000000,0.000000,0.000000,0.000000,0.000000,0.000000,0.000000,0.000000,0.000000,0.000000,0.000000,1936.362250,0.000000,218.486201,0.000000,257.665000,0.000000,0.000000,0.000000,0.000000,0.000000,0.000000,0.000000,-259.050000,4.062954
0,0,0,1,0.000000,0.000000,0.000000,0.000000,0.000000,0.000000,0.000000,0.000000,0.000000,0.000000,0.000000,0.000000,0.000000,0.000000,0.000000,22063.480833,0.000000,0.000000,0.000000,0.000000,0.000000,0.000000,0.000000,0.000000,0.000000,0.000000,0.000000,0.000000,0.115757,0.000000,0.000000,0.000000,0.000000,0.000000,0.000000,0.000000,0.000000,0.000000,0.000000,4.164295
0,0,0,1,0.000000,0.000000,0.000000,0.000000,0.000000,0.000000,0.000000,0.000000,0.000000,0.000000,0.000000,0.000000,0.000000,0.000000,0.000000,0.000000,0.000000,0.000000,0.000000,0.045000,0.000000,0.000000,0.000000,0.000000,0.020000,0.000000,0.000000,0.000000,82324.237790,0.000000,0.000000,0.000000,0.000000,0.000000,0.000000,0.000000,0.000000,0.000000,0.000000,10.282066
0,0,0,1,0.000000,0.000000,0.000000,0.000000,0.000000,0.000000,0.000000,0.000000,166073.270000,0.000000,0.687130,0.000000,0.000000,0.000000,0.000000,0.000000,0.000000,0.000000,0.000000,0.000000,0.000000,0.000000,0.000000,0.000000,621.852673,0.000000,15316.575875,0.000000,36.891669,0.000000,749.785000,0.000000,0.000000,0.000000,0.000000,2.000000,0.000000,0.000000,-2.015000,10.338826
0,0,0,1,0.000000,0.000000,0.000000,88563.232753,0.000000,0.000000,0.000000,0.000000,0.000000,0.000000,0.000000,0.000000,0.000000,0.000000,0.000000,0.000000,0.000000,0.000000,0.000000,0.000000,0.000000,0.000000,0.000000,0.000000,0.000000,0.000000,0.000000,0.000000,1.128153,0.000000,10.530000,0.000000,0.000000,0.000000,0.000000,0.000000,0.000000,0.000000,0.000000,8.575366
0,0,0,1,0.000000,0.000000,0.000000,0.000000,0.000000,0.000000,0.000000,0.000000,0.000000,0.000000,0.000000,0.000000,0.000000,0.000000,0.000000,112854.255430,0.000000,0.000000,0.000000,0.000000,0.000000,0.000000,0.000000,0.000000,0.000000,0.000000,0.000000,0.000000,916.387418,0.000000,0.000000,0.000000,0.000000,0.000000,0.000000,0.000000,0.000000,0.000000,-56.012500,43.456204
0,0,0,1,0.000000,0.000000,0.000000,0.000000,0.000000,0.000000,0.000000,0.000000,83317.818750,0.000000,9.150361,0.000000,0.000000,0.000000,0.000000,0.000000,0.000000,0.000000,0.000000,0.000000,0.000000,0.000000,0.000000,0.000000,297.106404,0.000000,7571.299125,0.000000,1.622067,0.000000,1.050000,0.000000,0.000000,0.000000,0.000000,0.000000,0.000000,0.000000,0.000000,6.190942
0,0,0,1,0.000000,0.000000,0.000000,0.000000,0.000000,0.000000,0.000000,0.000000,166424.682500,0.000000,2.393828,0.000000,0.000000,0.000000,0.000000,0.000000,0.000000,0.000000,0.000000,0.000000,0.000000,0.000000,0.000000,0.000000,3224.341115,0.000000,13279.410125,0.000000,9.940661,0.000000,49.097500,0.000000,0.000000,0.000000,0.000000,0.000000,0.000000,0.000000,-4.452500,6.781365
0,0,0,1,0.000000,0.000000,0.000000,0.000000,0.000000,0.000000,0.000000,0.000000,0.000000,0.000000,0.000000,0.000000,0.000000,0.000000,0.000000,181472.836900,0.000000,0.000000,0.000000,0.000000,0.000000,0.000000,0.000000,0.000000,0.000000,0.000000,0.000000,0.000000,2.770139,0.000000,0.000000,0.000000,0.000000,0.000000,0.000000,0.000000,0.000000,0.000000,0.000000,12.892910
0,0,0,1,0.000000,0.000000,0.000000,179141.916750,0.000000,0.000000,0.000000,0.000000,1473.925000,0.000000,3.086913,0.000000,0.000000,0.000000,0.000000,0.000000,0.000000,0.000000,0.000000,0.000000,0.000000,0.000000,0.000000,0.000000,111.129100,0.000000,9.483125,0.000000,0.382193,0.000000,0.250000,0.000000,0.000000,0.000000,0.000000,0.000000,0.000000,0.000000,0.000000,6.969803
0,0,0,1,0.000000,0.000000,0.000000,0.000000,0.000000,0.000000,0.000000,0.000000,56504.390000,0.000000,7.110486,0.000000,0.000000,0.000000,0.000000,0.000000,0.000000,0.000000,0.000000,0.000000,0.000000,0.000000,0.000000,0.000000,10530.248105,0.000000,4764.510750,1.525000,0.030000,0.000000,0.050000,0.000000,0.000000,0.000000,0.000000,0.000000,0.000000,0.000000,0.000000,6.269005
0,0,0,1,0.000000,0.000000,0.000000,0.000000,0.000000,0.000000,0.000000,0.000000,83317.918750,0.000000,8.627615,0.000000,0.000000,0.000000,0.000000,0.000000,0.000000,0.000000,0.000000,0.000000,0.000000,0.000000,0.000000,0.000000,90.275009,0.000000,7571.324125,0.000000,0.404934,0.000000,0.467500,0.000000,0.000000,0.000000,0.000000,0.000000,0.000000,0.000000,0.000000,5.036870
0,0,0,1,0.000000,0.000000,0.000000,0.000000,0.000000,0.000000,0.000000,0.000000,0.000000,0.000000,0.000000,0.000000,0.000000,0.000000,0.000000,0.000000,0.000000,0.000000,0.000000,2184.030000,0.000000,0.000000,0.000000,0.000000,0.000000,0.000000,36.480000,0.000000,0.015000,0.000000,0.000000,0.000000,0.000000,0.000000,0.000000,0.000000,0.000000,0.000000,320061.228442,19.826881
0,0,0,1,0.000000,0.000000,0.000000,174462.216449,0.000000,0.000000,0.000000,0.000000,0.000000,0.000000,0.000000,0.000000,0.000000,0.000000,0.000000,0.000000,0.000000,0.000000,0.000000,0.000000,0.000000,0.000000,0.000000,0.000000,0.000000,0.000000,0.000000,0.000000,21604.021410,0.000000,2592.287500,0.000000,0.000000,0.000000,0.000000,0.000000,0.000000,0.000000,-2916.675723,6.527397
0,0,0,1,0.000000,0.000000,0.000000,203005.475647,0.000000,0.000000,0.000000,0.000000,0.000000,0.000000,0.000000,0.000000,0.000000,0.000000,0.000000,0.000000,0.000000,0.000000,0.000000,0.000000,0.000000,0.000000,0.000000,0.000000,0.000000,0.000000,0.000000,0.000000,6.536283,0.000000,7.902500,0.000000,0.000000,0.000000,0.000000,0.000000,0.000000,0.000000,-5.819752,9.972530
0,0,0,1,0.000000,0.000000,0.000000,0.000000,0.000000,0.000000,0.000000,0.000000,165321.147500,0.000000,0.000000,1.221730,0.000000,0.000000,0.000000,0.000000,0.000000,0.000000,0.000000,0.000000,0.000000,0.000000,0.000000,0.000000,10708.055762,49.667500,13250.589250,51.287500,306.902335,0.000000,151.140000,0.000000,0.000000,0.000000,0.000000,0.000000,0.000000,0.000000,-1.047500,34.561385
0,0,0,1,0.000000,0.000000,0.000000,0.000000,0.000000,0.000000,0.000000,0.000000,83133.996250,0.000000,8.046187,0.000000,0.000000,0.000000,0.000000,0.000000,0.000000,0.000000,0.000000,0.000000,0.000000,0.000000,0.000000,0.000000,739.137143,0.000000,7580.914750,0.000000,6.377093,0.000000,2.730000,0.000000,0.000000,0.000000,0.000000,0.000000,0.000000,0.000000,0.000000,7.480121
0,0,0,1,0.000000,0.000000,0.000000,179779.224804,0.000000,0.000000,0.000000,0.000000,0.000000,0.000000,0.000000,0.000000,0.000000,0.000000,0.000000,0.000000,0.000000,0.000000,0.000000,0.000000,0.000000,0.000000,0.000000,0.000000,0.000000,0.000000,0.000000,0.000000,3.104201,0.000000,4.245000,0.000000,0.000000,0.000000,0.000000,0.000000,0.000000,0.000000,-1.971690,10.767938
0,0,0,1,0.000000,0.000000,0.000000,0.000000,0.000000,0.000000,0.000000,0.000000,0.000000,0.000000,7.324677,0.000000,0.000000,0.000000,0.000000,0.000000,0.000000,0.000000,0.000000,11216.550000,0.000000,0.000000,0.000000,0.000000,1713.974589,0.000000,0.000000,0.000000,0.140000,0.000000,0.000000,0.000000,0.000000,0.000000,0.000000,0.000000,0.000000,0.000000,7344.733005,125.890238
0,0,0,1,0.000000,0.000000,0.000000,0.000000,0.000000,0.000000,0.000000,0.000000,4129.215000,0.000000,12.010000,3.513713,0.000000,0.000000,0.000000,0.000000,0.000000,0.000000,0.000000,0.000000,0.000000,0.000000,0.000000,0.000000,3999.975000,0.000000,0.000000,0.000000,6.863453,1.297500,0.000000,0.000000,0.000000,0.000000,0.000000,0.000000,0.000000,0.000000,0.000000,0.727357
0,0,0,1,0.000000,0.000000,0.000000,0.000000,0.000000,0.000000,0.000000,0.000000,34255.681250,0.000000,1.040809,0.000000,0.000000,0.000000,0.000000,0.000000,0.000000,0.000000,0.000000,0.000000,0.000000,0.000000,0.000000,0.000000,45.993053,2.650000,3056.508500,0.000000,4.561581,0.000000,2.212500,0.000000,0.000000,0.000000,0.000000,0.000000,0.000000,0.000000,0.000000,3.715860
0,0,0,1,0.000000,0.000000,0.000000,0.000000,0.000000,0.000000,0.000000,0.000000,13468.570000,0.000000,0.000000,0.821337,0.000000,0.000000,0.000000,0.000000,0.000000,0.000000,0.000000,0.000000,0.000000,0.000000,0.000000,0.000000,92.708423,0.000000,1393.285250,0.000000,0.301515,0.000000,0.000000,0.000000,0.000000,0.000000,0.000000,0.000000,0.000000,0.000000,0.000000,1.401778
0,0,0,1,0.000000,0.000000,0.000000,0.000000,0.000000,0.000000,0.000000,0.000000,4377.795000,0.000000,6.055840,0.000000,0.000000,0.000000,0.000000,0.000000,0.000000,0.000000,0.000000,0.000000,0.000000,0.000000,0.000000,0.000000,22751.094526,0.000000,359.068250,0.000000,0.030000,0.000000,0.032500,0.000000,0.000000,0.000000,0.000000,0.000000,0.000000,0.000000,0.000000,3.114912
0,0,0,1,0.000000,0.000000,0.000000,0.000000,0.000000,0.000000,0.000000,0.000000,0.000000,0.000000,0.000000,0.000000,0.000000,0.000000,0.000000,31656.293959,0.000000,0.000000,0.000000,0.000000,0.000000,0.000000,0.000000,0.000000,0.000000,0.000000,0.000000,0.000000,40.760000,0.000000,0.000000,0.000000,0.000000,0.000000,0.000000,0.000000,0.000000,0.000000,-2.252500,4.814566
0,0,0,1,0.000000,0.000000,0.000000,0.000000,0.000000,0.000000,0.000000,0.000000,0.000000,0.000000,0.000000,0.000000,0.000000,0.000000,0.000000,189558.467263,0.000000,0.000000,0.000000,0.000000,0.000000,0.000000,0.000000,0.000000,0.000000,0.000000,0.000000,0.000000,0.000000,0.000000,32.447500,0.000000,0.000000,0.000000,0.000000,0.000000,0.000000,0.000000,0.000000,30.974229
0,0,0,1,0.000000,0.000000,0.000000,0.000000,0.000000,0.000000,0.000000,0.000000,665962.560000,0.000000,2.540922,0.000000,0.000000,0.000000,0.000000,0.000000,0.000000,0.000000,0.000000,0.000000,0.000000,0.000000,0.000000,0.000000,3447.228540,0.000000,61999.164625,0.000000,0.000000,0.000000,6.030000,0.000000,0.000000,0.000000,0.000000,0.000000,0.000000,0.000000,0.000000,28.903321
0,0,0,1,0.000000,0.000000,0.000000,0.000000,0.000000,0.000000,0.000000,0.000000,0.000000,0.000000,0.000000,0.000000,0.000000,0.000000,0.000000,92216.147660,0.000000,0.000000,0.000000,0.000000,0.000000,0.000000,0.000000,0.000000,0.000000,0.000000,0.000000,0.000000,3.315657,0.000000,0.000000,0.000000,0.000000,0.000000,0.000000,0.000000,0.000000,0.000000,0.000000,5.913528
0,0,0,1,0.000000,0.000000,0.000000,0.000000,0.000000,0.000000,0.000000,0.000000,52281.695000,0.000000,0.648341,0.000000,0.000000,0.000000,0.000000,0.000000,0.000000,0.000000,0.000000,0.000000,0.000000,0.000000,0.000000,0.000000,1554.764726,0.000000,4103.021750,0.000000,0.015000,0.000000,1.022500,0.000000,0.000000,0.000000,0.000000,0.000000,0.000000,0.000000,0.000000,2.813628
0,0,0,1,0.000000,0.000000,0.000000,0.000000,0.000000,0.000000,0.000000,0.000000,6849.715000,0.000000,2.756358,0.000000,0.000000,0.000000,0.000000,0.000000,0.000000,0.000000,0.000000,0.000000,0.000000,0.000000,0.000000,0.000000,42.057908,0.000000,379.744500,0.000000,0.030000,0.000000,0.027500,0.000000,0.000000,0.000000,0.000000,0.000000,0.000000,0.000000,0.000000,1.488967
0,0,0,1,0.000000,0.000000,0.000000,0.000000,0.000000,0.000000,0.000000,0.000000,29964.370000,0.000000,0.000000,0.000000,0.000000,0.000000,0.000000,0.000000,0.000000,0.000000,0.000000,0.000000,0.000000,0.000000,0.000000,0.000000,0.000000,0.000000,1892.782750,0.000000,0.015000,0.000000,0.015000,0.000000,0.000000,0.000000,0.000000,0.000000,0.000000,0.000000,0.000000,1.716915
0,0,0,1,0.000000,0.000000,0.000000,0.000000,0.000000,0.000000,0.000000,0.000000,7694.140000,0.000000,1.315102,0.000000,0.000000,0.000000,0.000000,0.000000,0.000000,0.000000,0.000000,0.000000,0.000000,0.000000,0.000000,0.000000,2283.017087,0.000000,775.635875,0.000000,0.030000,0.000000,0.060000,0.000000,0.000000,0.000000,0.000000,0.000000,0.000000,0.000000,0.000000,1.255172
0,0,0,1,0.000000,0.000000,0.000000,0.000000,0.000000,0.000000,0.000000,0.000000,27716.460000,0.000000,5398.699627,542.196487,0.000000,0.000000,0.000000,0.000000,0.000000,0.000000,0.000000,0.000000,0.000000,0.000000,0.000000,0.000000,278.587850,0.000000,2100.654375,0.000000,0.015000,0.000000,0.022500,0.000000,0.000000,0.000000,0.000000,0.000000,0.000000,0.000000,0.000000,4.341343
0,0,0,1,0.000000,0.000000,0.000000,0.000000,0.000000,0.000000,0.000000,0.000000,25982.410000,0.000000,0.640879,542.196487,0.000000,0.000000,0.000000,0.000000,0.000000,0.000000,0.000000,285175.000000,0.000000,0.000000,0.000000,0.000000,5833.226870,0.000000,28829.253250,0.000000,0.015000,0.000000,17825.460000,0.000000,0.000000,0.000000,0.000000,0.000000,0.000000,0.000000,196151.587500,463.479867
0,0,0,1,0.000000,0.000000,0.000000,0.000000,0.000000,0.000000,0.000000,0.000000,80687.987500,0.000000,0.317291,0.000000,0.000000,0.000000,0.000000,0.000000,0.000000,0.000000,0.000000,0.000000,0.000000,0.000000,0.000000,0.000000,2073.179671,0.000000,8369.455875,0.000000,0.015000,0.000000,0.337500,0.000000,0.000000,0.000000,0.000000,0.000000,0.000000,0.000000,0.000000,4.071433
0,0,0,1,0.000000,0.000000,0.000000,0.000000,0.000000,0.000000,0.000000,0.000000,137382.470000,0.000000,0.000000,0.000000,0.000000,0.000000,0.000000,0.000000,0.000000,0.000000,0.000000,0.000000,0.000000,0.000000,0.000000,0.000000,0.000000,334.385000,11356.664125,0.000000,1438.486485,103.425000,101.912500,0.000000,0.000000,0.000000,0.000000,0.000000,0.000000,0.000000,0.000000,9.586370
0,0,0,1,0.000000,0.000000,0.000000,0.000000,0.000000,0.000000,0.000000,0.000000,83031.435000,0.000000,0.310552,0.000000,0.000000,0.000000,0.000000,0.000000,0.000000,0.000000,0.000000,0.000000,0.000000,0.000000,0.000000,0.000000,370.488883,0.000000,7562.885375,0.000000,46.837981,0.000000,13.087500,6.980000,0.000000,0.000000,0.000000,0.000000,0.000000,0.000000,0.000000,4.329640
0,0,0,1,0.000000,0.000000,0.000000,0.000000,0.000000,0.000000,0.000000,0.000000,54384.235000,0.000000,0.000000,0.000000,0.000000,0.000000,0.000000,0.000000,0.000000,0.000000,0.000000,0.000000,0.000000,0.000000,0.000000,0.000000,0.000000,0.000000,3869.876375,0.000000,463.897701,0.000000,506.847500,0.000000,0.000000,0.000000,0.000000,0.000000,0.000000,0.000000,-516.825000,6.396031
